{
    "robots": [
        {
            "instanceId": "ca4fa2ce-4a12-4a2e-bc11-0c9cd05d9b0b",
            "position": [
                -172.0,
                87.0,
                23.0,
                0.0,
                71.0,
                -255.0
            ],
            "currentTcp": {
                "name": "Tcp",
                "component": "b9683056-b666-48b8-b1d6-07612396f0cc"
            }
        }
    ],
    "lastUsedCamera": {
        "name": "lastUsedCamera",
        "position": {
            "X": -1376.07922,
            "Y": 1783.84521,
            "Z": 634.5914
        },
        "upVector": {
            "X": 0.268614382,
            "Y": 0.0283964463,
            "Z": 0.962829232
        },
        "target": {
            "X": -1.38507271,
            "Y": -24.2698975,
            "Z": 304.399323
        },
        "height": 901.6509,
        "width": 901.6509
    }
}