{
    "robots": [
        {
            "instanceId": "ca4fa2ce-4a12-4a2e-bc11-0c9cd05d9b0b",
            "position": [
                -101.44068145751953,
                -42.167682647705078,
                94.787605285644531,
                10.284634590148926,
                -112.03050231933594,
                -261.07562255859375
            ],
            "currentTcp": {
                "name": "Tcp",
                "component": "b9683056-b666-48b8-b1d6-07612396f0cc"
            }
        }
    ],
    "lastUsedCamera": {
        "name": "lastUsedCamera",
        "position": {
            "X": 4713.91748,
            "Y": 987.979,
            "Z": 2032.209
        },
        "upVector": {
            "X": -0.318329751,
            "Y": -0.0418518856,
            "Z": 0.9470558
        },
        "target": {
            "X": -79.01648,
            "Y": 506.8837,
            "Z": 399.920471
        },
        "height": 1997.99512,
        "width": 1997.99512
    }
}