{
    "robots": [
        {
            "instanceId": "ca4fa2ce-4a12-4a2e-bc11-0c9cd05d9b0b",
            "position": [
                -172.0,
                87.0,
                23.0,
                0.0,
                71.0,
                -255.0
            ],
            "currentTcp": {
                "name": "Tcp",
                "component": "b9683056-b666-48b8-b1d6-07612396f0cc"
            }
        }
    ],
    "lastUsedCamera": {
        "name": "lastUsedCamera",
        "position": {
            "X": -1731.55371,
            "Y": 363.314117,
            "Z": 162.4683
        },
        "upVector": {
            "X": -0.01574244,
            "Y": 0.030921407,
            "Z": 0.9993979
        },
        "target": {
            "X": -573.4424,
            "Y": -289.633331,
            "Z": 200.91301
        },
        "height": 522.4935,
        "width": 522.4935
    }
}